id,target_feature
0,2
1,1
2,0
3,0
4,2
5,2
6,2
7,2
8,0
9,0
10,2
11,0
12,2
13,0
14,2
15,1
16,2
17,2
18,0
19,1
20,2
21,0
22,1
23,2
24,1
25,0
26,2
27,2
28,2
29,0
30,1
31,1
32,2
33,1
34,0
35,2
36,2
37,2
38,1
39,1
40,1
41,2
42,0
43,2
44,2
45,1
46,1
47,2
48,2
49,0
50,0
51,2
52,2
53,1
54,0
55,0
56,1
57,0
58,2
59,2
60,1
61,2
62,0
63,1
64,2
65,0
66,1
67,1
68,1
69,0
70,2
71,0
72,1
73,0
74,1
75,0
76,1
77,2
78,1
79,2
80,2
81,0
82,0
83,2
84,0
85,1
86,2
87,2
88,1
89,1
90,2
91,1
92,0
93,0
94,1
95,1
96,0
97,1
98,1
99,0
100,2
101,1
102,0
103,2
104,1
105,1
106,1
107,1
108,0
109,1
110,2
111,0
112,0
113,1
114,2
115,0
116,1
117,1
118,2
119,1
120,2
121,2
122,2
123,2
124,0
125,1
126,2
127,2
128,2
129,2
130,2
131,0
132,0
133,1
134,2
135,0
136,2
137,2
138,1
139,2
140,0
141,2
142,0
143,0
144,0
145,2
146,1
147,2
148,0
149,0
150,1
151,2
152,1
153,0
154,0
155,1
156,0
157,1
158,2
159,1
160,1
161,1
162,1
163,2
164,2
165,0
166,2
167,2
168,1
169,1
170,2
171,1
172,2
173,0
174,0
175,2
176,0
177,0
178,1
179,0
180,0
181,2
182,0
183,2
184,2
185,0
186,0
187,1
188,1
189,1
190,0
191,0
192,1
193,1
194,2
195,0
196,1
197,0
198,2
199,1
200,0
201,1
202,1
203,2
204,0
205,1
206,1
207,0
208,1
209,1
210,1
211,0
212,2
213,2
214,1
215,0
216,1
217,0
218,0
219,2
220,1
221,2
222,2
223,0
224,1
225,2
226,0
227,1
228,2
229,2
230,0
231,2
232,0
233,1
234,1
235,1
236,2
237,2
238,1
239,0
240,0
241,1
242,1
243,2
244,1
245,2
246,0
247,1
248,2
249,2
250,2
251,1
252,2
253,2
254,1
255,1
256,2
257,2
258,2
259,2
260,2
261,2
262,0
263,1
264,2
265,0
266,1
267,1
268,0
269,1
270,1
271,0
272,0
273,0
274,2
275,0
276,0
277,0
278,2
279,2
280,1
281,1
282,1
283,2
284,0
285,2
286,1
287,2
288,2
289,2
290,0
291,1
292,1
293,0
294,2
295,1
296,0
297,1
298,0
299,1
300,0
301,2
302,0
303,0
304,1
305,2
306,2
307,1
308,1
309,2
310,0
311,2
312,2
313,2
314,1
315,2
316,2
317,1
318,1
319,0
320,2
321,1
322,1
323,1
324,1
325,2
326,0
327,1
328,0
329,1
330,2
331,1
332,1
333,1
334,0
335,2
336,1
337,0
338,1
339,2
340,2
341,0
342,2
343,0
344,0
345,2
346,1
347,1
348,0
349,2
350,1
351,0
352,0
353,0
354,0
355,1
356,2
357,0
358,1
359,0
360,2
361,2
362,1
363,0
364,1
365,1
366,2
367,0
368,0
369,2
370,2
371,0
372,2
373,0
374,1
375,1
376,2
377,0
378,2
379,0
380,1
381,1
382,1
383,1
384,2
385,0
386,1
387,1
388,2
389,2
390,0
391,0
392,0
393,2
394,0
395,2
396,1
397,1
398,1
399,0
400,0
401,0
402,1
403,0
404,0
405,0
406,2
407,0
408,2
409,0
410,1
411,2
412,1
413,0
414,0
415,0
416,2
417,1
418,2
419,1
420,1
421,1
422,0
423,1
424,2
425,0
426,1
427,2
428,2
429,2
430,0
431,2
432,1
433,0
434,0
435,2
436,2
437,2
438,1
439,2
440,1
441,1
442,2
443,1
444,2
445,2
446,1
447,0
448,1
449,2
450,0
451,2
452,2
453,2
454,0
455,2
456,1
457,1
458,1
459,1
460,1
461,2
462,1
463,0
464,2
465,0
466,1
467,1
468,2
469,1
470,1
471,2
472,0
473,1
474,2
475,1
476,1
477,0
478,1
479,2
480,0
481,1
482,1
483,2
484,2
485,0
486,0
487,1
488,2
489,0
490,2
491,2
492,2
493,0
494,1
495,2
496,0
497,0
498,0
499,1
500,1
501,0
502,2
503,2
504,2
505,0
506,1
507,1
508,1
509,1
510,0
511,1
512,2
513,1
514,2
515,1
516,2
517,2
518,2
519,2
520,1
521,0
522,0
523,0
524,2
525,1
526,2
527,0
528,0
529,1
530,1
531,2
532,2
533,1
534,0
535,0
536,2
537,0
538,0
539,2
540,1
541,2
542,1
543,2
544,0
545,1
546,2
547,2
548,2
549,0
550,0
551,1
552,1
553,1
554,1
555,2
556,0
557,0
558,0
559,0
560,0
561,1
562,0
563,2
564,2
565,2
566,2
567,0
568,0
569,2
570,1
571,1
572,2
573,1
574,0
575,2
576,2
577,2
578,1
579,0
580,1
581,1
582,1
583,1
584,0
585,1
586,0
587,2
588,2
589,1
590,2
591,1
592,0
593,2
594,0
595,1
596,1
597,0
598,0
599,1
600,1
601,0
602,1
603,0
604,1
605,2
606,2
607,0
608,2
609,1
610,0
611,2
612,1
613,0
614,2
615,0
616,1
617,0
618,2
619,0
620,0
621,1
622,2
623,2
624,0
625,2
626,2
627,1
628,0
629,1
630,2
631,0
632,1
633,2
634,2
635,0
636,2
637,2
638,1
639,0
640,2
641,1
642,0
643,1
644,1
645,1
646,2
647,1
648,2
649,1
650,2
651,0
652,0
653,2
654,1
655,0
656,1
657,2
658,2
659,0
660,2
661,1
662,0
663,1
664,2
665,2
666,2
667,1
668,0
669,0
670,1
671,2
672,1
673,0
674,2
675,1
676,1
677,0
678,0
679,2
680,0
681,2
682,1
683,0
684,1
685,1
686,0
687,0
688,0
689,2
690,2
691,1
692,0
693,1
694,1
695,2
696,1
697,1
698,1
699,1
700,0
701,1
702,2
703,0
704,1
705,1
706,1
707,0
708,0
709,1
710,1
711,0
712,1
713,2
714,0
715,1
716,1
717,2
718,2
719,1
720,0
721,0
722,2
723,0
724,1
725,0
726,1
727,2
728,1
729,0
730,0
731,1
732,2
733,0
734,0
735,2
736,1
737,2
738,0
739,0
740,1
741,0
742,1
743,0
744,1
745,2
746,2
747,0
748,2
749,0
750,2
751,0
752,0
753,0
754,1
755,0
756,0
757,2
758,1
759,2
760,1
761,0
762,2
763,2
764,2
765,2
766,1
767,0
768,0
769,0
770,2
771,1
772,1
773,0
774,2
775,2
776,1
777,2
778,2
779,0
780,1
781,1
782,0
783,2
784,2
785,1
786,1
787,0
788,2
789,1
790,1
791,0
792,0
793,0
794,2
795,1
796,1
797,0
798,0
799,0
800,1
801,1
802,1
803,2
804,0
805,0
806,0
807,0
808,1
809,0
810,1
811,1
812,1
813,0
814,2
815,0
816,2
817,1
818,0
819,0
820,1
821,0
822,2
823,2
824,2
825,2
826,2
827,2
828,2
829,1
830,2
831,0
832,2
833,2
834,0
835,2
836,2
837,0
838,1
839,0
840,2
841,1
842,2
843,2
844,1
845,1
846,0
847,2
848,1
849,0
850,1
851,1
852,0
853,1
854,1
855,2
856,1
857,0
858,2
859,0
860,0
861,2
862,0
863,2
864,0
865,0
866,1
867,0
868,2
869,2
870,1
871,2
872,1
873,0
874,1
875,2
876,1
877,1
878,2
879,0
880,0
881,2
882,1
883,1
884,1
885,1
886,1
887,1
888,0
889,2
890,2
891,1
892,0
893,2
894,1
895,2
896,1
897,1
898,0
899,2
900,1
901,0
902,0
903,0
904,2
905,0
906,1
907,0
908,0
909,0
910,2
911,2
912,2
913,2
914,2
915,1
916,1
917,1
918,1
919,2
920,2
921,0
922,2
923,1
924,2
925,2
926,1
927,1
928,0
929,1
930,0
931,0
932,2
933,0
934,1
935,0
936,2
937,1
938,1
939,0
940,2
941,2
942,2
943,2
944,0
945,1
946,1
947,1
948,0
949,1
950,2
951,2
952,2
953,1
954,0
955,1
956,1
957,1
958,1
959,1
960,2
961,1
962,2
963,2
964,1
965,1
966,2
967,2
968,1
969,1
970,1
971,1
972,1
973,2
974,1
975,0
976,2
977,2
978,2
979,1
980,1
981,0
982,0
983,0
984,2
985,1
986,1
987,1
988,2
989,2
990,2
991,1
992,1
993,1
994,0
995,2
996,0
997,1
998,0
999,0
1000,2
1001,1
1002,0
1003,0
1004,1
1005,0
1006,1
1007,2
1008,0
1009,0
1010,2
1011,2
1012,0
1013,1
1014,0
1015,1
1016,1
1017,2
1018,0
1019,1
1020,1
1021,2
1022,1
1023,1
1024,1
1025,1
1026,1
1027,2
1028,0
1029,0
1030,0
1031,0
1032,0
1033,1
1034,0
1035,1
1036,0
1037,2
1038,0
1039,2
1040,1
1041,2
1042,2
1043,0
1044,1
1045,2
1046,2
1047,2
1048,1
1049,1
1050,2
1051,1
1052,0
1053,0
1054,0
1055,2
1056,0
1057,2
1058,1
1059,1
1060,0
1061,1
1062,2
1063,1
1064,2
1065,1
1066,1
1067,1
1068,0
1069,1
1070,0
1071,2
1072,1
1073,2
1074,1
1075,0
1076,2
1077,1
1078,0
1079,2
1080,1
1081,0
1082,0
1083,2
1084,1
1085,1
1086,1
1087,0
1088,0
1089,2
1090,2
1091,2
1092,0
1093,2
1094,2
1095,2
1096,0
1097,0
1098,0
1099,1
1100,1
1101,0
1102,1
1103,2
1104,2
1105,0
1106,1
1107,1
1108,0
1109,1
1110,1
1111,1
1112,2
1113,2
1114,1
1115,0
1116,2
1117,0
1118,0
1119,2
1120,1
1121,0
1122,0
1123,1
1124,1
1125,1
1126,2
1127,2
1128,1
1129,2
1130,2
1131,2
1132,2
1133,1
1134,0
1135,1
1136,1
1137,0
1138,2
1139,0
1140,0
1141,2
1142,0
1143,0
1144,0
1145,2
1146,0
1147,1
1148,2
1149,1
1150,0
1151,0
1152,2
1153,2
1154,2
1155,2
1156,0
1157,0
1158,2
1159,1
1160,2
1161,1
1162,2
1163,2
1164,2
1165,2
1166,0
1167,1
1168,2
1169,2
1170,0
1171,1
1172,0
1173,1
1174,0
1175,0
1176,1
1177,2
1178,1
1179,2
1180,1
1181,1
1182,1
1183,0
1184,0
1185,1
1186,2
1187,1
1188,0
1189,1
1190,1
1191,1
1192,0
1193,1
1194,0
1195,2
1196,2
1197,0
1198,0
1199,0
1200,0
1201,0
1202,1
1203,0
1204,1
1205,2
1206,1
1207,0
1208,2
1209,1
1210,2
1211,0
1212,1
1213,1
1214,1
1215,2
1216,2
1217,2
1218,0
1219,2
1220,2
1221,1
1222,2
1223,2
1224,0
1225,0
1226,1
1227,1
1228,0
1229,0
1230,0
1231,2
1232,2
1233,1
1234,2
1235,0
1236,2
1237,2
1238,2
1239,0
1240,2
1241,2
1242,0
1243,1
1244,2
1245,1
1246,2
1247,1
1248,1
1249,2
1250,0
1251,2
1252,2
1253,0
1254,2
1255,1
1256,2
1257,1
1258,1
1259,1
1260,1
1261,1
1262,0
1263,2
1264,1
1265,2
1266,1
1267,0
1268,0
1269,2
1270,0
1271,2
1272,0
1273,2
1274,1
1275,2
1276,0
1277,2
1278,0
1279,1
1280,2
1281,0
1282,0
1283,1
1284,0
1285,0
1286,1
1287,1
1288,0
1289,2
1290,2
1291,1
1292,2
1293,1
1294,1
1295,2
1296,1
1297,2
1298,1
1299,2
1300,1
1301,0
1302,2
1303,1
1304,0
1305,1
1306,1
1307,0
1308,2
1309,1
1310,2
1311,0
1312,1
1313,2
1314,2
1315,1
1316,2
1317,1
1318,0
1319,2
1320,0
1321,1
1322,0
1323,1
1324,0
1325,0
1326,0
1327,0
1328,0
1329,2
1330,0
1331,1
1332,2
1333,2
1334,0
1335,2
1336,1
1337,1
1338,2
1339,1
1340,0
1341,0
1342,1
1343,0
1344,0
1345,0
1346,2
1347,2
1348,1
1349,1
1350,2
1351,0
1352,2
1353,2
1354,0
1355,0
1356,1
1357,0
1358,2
1359,1
1360,1
1361,0
1362,1
1363,2
1364,2
1365,1
1366,2
1367,0
1368,1
1369,2
1370,2
1371,0
1372,2
1373,1
1374,2
1375,2
1376,2
1377,0
1378,0
1379,1
1380,1
1381,1
1382,1
1383,1
1384,2
1385,2
1386,2
1387,1
1388,1
1389,1
1390,0
1391,0
1392,1
1393,1
1394,2
1395,1
1396,0
1397,0
1398,1
1399,1
1400,0
1401,2
1402,1
1403,1
1404,1
1405,2
1406,1
1407,0
1408,1
1409,2
1410,0
1411,0
1412,2
1413,0
1414,1
1415,2
1416,0
1417,2
1418,2
1419,0
1420,0
1421,1
1422,2
1423,1
1424,0
1425,2
1426,1
1427,1
1428,1
1429,1
1430,0
1431,0
1432,0
1433,2
1434,0
1435,1
1436,0
1437,2
1438,1
1439,2
1440,2
1441,2
1442,1
1443,0
1444,0
1445,1
1446,1
1447,2
1448,1
1449,2
1450,0
1451,2
1452,2
1453,0
1454,2
1455,2
1456,1
1457,1
1458,0
1459,1
1460,1
1461,1
1462,0
1463,1
1464,1
1465,2
1466,2
1467,1
1468,2
1469,1
1470,2
1471,2
1472,1
1473,0
1474,0
1475,2
1476,0
1477,2
1478,2
1479,2
1480,0
1481,0
1482,1
1483,1
1484,1
1485,0
1486,0
1487,0
1488,2
1489,0
1490,2
1491,2
1492,1
1493,0
1494,0
1495,1
1496,1
1497,0
1498,1
1499,0
1500,0
1501,0
1502,2
1503,2
1504,2
1505,0
1506,2
1507,1
1508,2
1509,1
1510,0
1511,0
1512,0
1513,0
1514,2
1515,0
1516,1
1517,2
1518,0
1519,2
1520,0
1521,1
1522,0
1523,2
1524,2
1525,2
1526,0
1527,1
1528,0
1529,0
1530,1
1531,2
1532,1
1533,1
1534,1
1535,0
1536,0
1537,0
1538,2
1539,2
1540,1
1541,0
1542,1
1543,1
1544,1
1545,2
1546,0
1547,2
1548,2
1549,1
1550,0
1551,0
1552,2
1553,1
1554,1
1555,0
1556,2
1557,2
1558,2
1559,1
1560,1
1561,0
1562,0
1563,0
1564,2
1565,2
1566,0
1567,1
1568,2
1569,1
1570,0
1571,1
1572,0
1573,2
1574,2
1575,1
1576,2
1577,0
1578,1
1579,0
1580,0
1581,0
1582,1
1583,2
1584,2
1585,1
1586,1
1587,2
1588,0
1589,2
1590,2
1591,0
1592,2
1593,1
1594,0
1595,1
1596,0
1597,1
1598,0
1599,2
1600,2
1601,2
1602,1
1603,2
1604,0
1605,2
1606,1
1607,1
1608,1
1609,0
1610,2
1611,0
1612,1
1613,1
1614,1
1615,1
1616,0
1617,2
1618,0
1619,1
1620,2
1621,0
1622,0
1623,1
1624,0
1625,1
1626,1
1627,1
1628,1
1629,0
1630,1
1631,2
1632,1
1633,1
1634,0
1635,2
1636,0
1637,0
1638,2
1639,0
1640,1
1641,2
1642,2
1643,0
1644,1
1645,1
1646,1
1647,1
1648,2
1649,1
1650,1
1651,2
1652,0
1653,0
1654,2
1655,0
1656,2
1657,1
1658,2
1659,1
1660,1
1661,1
1662,1
1663,1
1664,1
1665,2
1666,2
1667,0
1668,1
1669,1
1670,2
1671,2
1672,2
1673,1
1674,1
1675,1
1676,2
1677,0
1678,0
1679,0
1680,1
1681,2
1682,0
1683,2
1684,0
1685,0
1686,2
1687,1
1688,2
1689,2
1690,1
1691,1
1692,0
1693,1
1694,2
1695,0
1696,0
1697,1
1698,1
1699,0
1700,2
1701,1
1702,1
1703,0
1704,1
1705,2
1706,2
1707,1
1708,1
1709,2
1710,0
1711,0
1712,0
1713,1
1714,0
1715,1
1716,2
1717,0
1718,1
1719,2
1720,1
1721,2
1722,0
1723,1
1724,2
1725,0
1726,1
1727,2
1728,1
1729,2
1730,2
1731,1
1732,2
1733,1
1734,2
1735,1
1736,0
1737,0
1738,0
1739,2
1740,2
1741,0
1742,0
1743,1
1744,2
1745,0
1746,2
1747,0
1748,1
1749,1
1750,1
1751,1
1752,1
1753,2
1754,0
1755,2
1756,1
1757,1
1758,0
1759,1
1760,2
1761,1
1762,2
1763,2
1764,1
1765,1
1766,1
1767,2
1768,2
1769,0
1770,1
1771,2
1772,2
1773,1
1774,2
1775,0
1776,0
1777,2
1778,1
1779,0
1780,2
1781,0
1782,1
1783,2
1784,2
1785,0
1786,1
1787,2
1788,1
1789,0
1790,0
1791,0
1792,2
1793,0
1794,1
1795,0
1796,1
1797,0
1798,0
1799,0
1800,2
1801,0
1802,2
1803,0
1804,0
1805,2
1806,1
1807,2
1808,0
1809,1
1810,2
1811,2
1812,2
1813,1
1814,2
1815,1
1816,1
1817,2
1818,0
1819,2
1820,0
1821,1
1822,1
1823,1
1824,2
1825,2
1826,1
1827,2
1828,1
1829,0
1830,1
1831,1
1832,2
1833,1
1834,2
1835,2
1836,1
1837,2
1838,0
1839,0
1840,2
1841,0
1842,1
1843,0
1844,2
1845,0
1846,1
1847,1
1848,1
1849,0
1850,0
1851,2
1852,1
1853,1
1854,1
1855,2
1856,0
1857,1
1858,0
1859,1
1860,0
1861,1
1862,2
1863,1
1864,2
1865,2
1866,1
1867,1
1868,0
1869,1
1870,2
1871,1
1872,2
1873,0
1874,2
1875,1
1876,1
1877,2
1878,0
1879,0
1880,2
1881,2
1882,0
1883,1
1884,1
1885,0
1886,1
1887,2
1888,2
1889,2
1890,0
1891,1
1892,1
1893,1
1894,0
1895,1
1896,2
1897,1
1898,1
1899,1
1900,2
1901,2
1902,1
1903,1
1904,0
1905,1
1906,1
1907,1
1908,2
1909,1
1910,2
1911,2
1912,2
1913,1
1914,0
1915,0
1916,1
1917,0
1918,0
1919,2
1920,1
1921,0
1922,1
1923,1
1924,0
1925,1
1926,1
1927,0
1928,0
1929,1
1930,0
1931,1
1932,2
1933,0
1934,1
1935,1
1936,0
1937,1
1938,1
1939,2
1940,0
1941,2
1942,1
1943,2
1944,0
1945,0
1946,0
1947,2
1948,1
1949,0
1950,1
1951,2
1952,0
1953,0
1954,1
1955,0
1956,2
1957,0
1958,2
1959,0
1960,2
1961,1
1962,2
1963,0
1964,2
1965,2
1966,0
1967,1
1968,0
1969,0
1970,2
1971,1
1972,1
1973,2
1974,2
1975,1
1976,2
1977,0
1978,2
1979,1
1980,2
1981,0
1982,0
1983,2
1984,1
1985,2
1986,2
1987,0
1988,0
1989,1
1990,1
1991,0
1992,2
1993,1
1994,0
1995,0
1996,2
1997,2
1998,1
1999,2
2000,2
2001,1
2002,1
2003,1
2004,2
2005,1
2006,2
2007,2
2008,1
2009,2
2010,1
2011,1
2012,1
2013,1
2014,0
2015,2
2016,2
2017,1
2018,1
2019,1
2020,1
2021,2
2022,1
2023,1
2024,0
2025,2
2026,2
2027,1
2028,0
2029,1
2030,2
2031,2
2032,1
2033,0
2034,0
2035,0
2036,0
2037,1
2038,2
2039,2
2040,0
2041,0
2042,2
2043,0
2044,1
2045,2
2046,1
2047,1
2048,0
2049,1
2050,0
2051,2
2052,2
2053,1
2054,1
2055,1
2056,1
2057,0
2058,0
2059,0
2060,0
2061,1
2062,1
2063,0
2064,2
2065,2
2066,2
2067,2
2068,2
2069,1
2070,1
2071,2
2072,2
2073,1
2074,2
2075,2
2076,0
2077,2
2078,1
2079,2
2080,1
2081,2
2082,2
2083,1
2084,0
2085,1
2086,1
2087,1
2088,0
2089,2
2090,1
2091,1
2092,2
2093,2
2094,0
2095,0
2096,1
2097,0
2098,2
2099,1
2100,0
2101,2
2102,2
2103,1
2104,0
2105,0
2106,1
2107,2
2108,1
2109,0
2110,0
2111,2
2112,2
2113,0
2114,1
2115,2
2116,2
2117,2
2118,0
2119,2
2120,0
2121,2
2122,1
2123,0
2124,0
2125,0
2126,2
2127,0
2128,1
2129,2
2130,2
2131,0
2132,1
2133,0
2134,1
2135,2
2136,2
2137,1
2138,0
2139,1
2140,1
2141,0
2142,2
2143,1
2144,2
2145,0
2146,0
2147,2
2148,2
2149,2
2150,0
2151,1
2152,1
2153,0
2154,1
2155,0
2156,2
2157,1
2158,0
2159,1
2160,2
2161,1
2162,1
2163,1
2164,1
2165,2
2166,2
2167,2
2168,1
2169,1
2170,0
2171,2
2172,2
2173,0
2174,2
2175,1
2176,1
2177,2
2178,2
2179,0
2180,0
2181,2
2182,2
2183,0
2184,1
2185,0
2186,0
2187,0
2188,1
2189,0
2190,0
2191,0
2192,0
2193,0
2194,2
2195,2
2196,2
2197,0
2198,1
2199,2
2200,2
2201,1
2202,2
2203,1
2204,1
2205,0
2206,1
2207,0
2208,2
2209,1
2210,1
2211,0
2212,0
2213,1
2214,0
2215,1
2216,2
2217,2
2218,2
2219,1
2220,1
2221,2
2222,1
2223,2
2224,0
2225,1
2226,2
2227,2
2228,0
2229,1
2230,2
2231,0
2232,0
2233,1
2234,2
2235,2
2236,0
2237,2
2238,0
2239,1
2240,2
2241,1
2242,0
2243,1
2244,1
2245,0
2246,2
2247,0
2248,1
2249,2
2250,1
2251,0
2252,1
2253,0
2254,0
2255,0
2256,1
2257,1
2258,0
2259,1
2260,2
2261,1
2262,2
2263,1
2264,0
2265,0
2266,0
2267,1
2268,0
2269,1
2270,0
2271,0
2272,0
2273,1
2274,2
2275,2
2276,0
2277,0
2278,2
2279,2
2280,1
2281,0
2282,2
2283,0
2284,0
2285,2
2286,1
2287,2
2288,1
2289,1
2290,0
2291,2
2292,1
2293,2
2294,0
2295,1
2296,0
2297,2
2298,0
2299,2
2300,0
2301,0
2302,1
2303,0
2304,1
2305,1
2306,1
2307,2
2308,1
2309,0
2310,0
2311,2
2312,2
2313,0
2314,0
2315,1
2316,1
2317,1
2318,2
2319,1
2320,1
2321,1
2322,1
2323,0
2324,0
2325,1
2326,1
2327,2
2328,2
2329,1
2330,2
2331,1
2332,1
2333,1
2334,1
2335,0
2336,1
2337,0
2338,2
2339,1
2340,2
2341,1
2342,1
2343,2
2344,1
2345,2
2346,0
2347,1
2348,0
2349,1
2350,2
2351,0
2352,1
2353,0
2354,2
2355,2
2356,0
2357,2
2358,0
2359,1
2360,0
2361,1
2362,1
2363,0
2364,1
2365,0
2366,0
2367,2
2368,1
2369,2
2370,2
2371,0
2372,1
2373,1
2374,0
2375,1
2376,2
2377,1
2378,2
2379,2
2380,1
2381,1
2382,2
2383,0
2384,1
2385,0
2386,0
2387,1
2388,2
2389,2
2390,2
2391,0
2392,2
2393,0
2394,1
2395,0
2396,1
2397,0
2398,0
2399,1
2400,2
2401,0
2402,2
2403,1
2404,2
2405,1
2406,2
2407,2
2408,0
2409,1
2410,2
2411,2
2412,0
2413,0
2414,2
2415,2
2416,1
2417,1
2418,1
2419,1
2420,2
2421,1
2422,0
2423,2
2424,2
2425,1
2426,0
2427,0
2428,1
2429,1
2430,2
2431,1
2432,0
2433,0
2434,0
2435,2
2436,1
2437,2
2438,2
2439,0
2440,1
2441,0
2442,0
2443,1
2444,1
2445,0
2446,1
2447,0
2448,1
2449,1
2450,1
2451,2
2452,1
2453,1
2454,1
2455,1
2456,2
2457,0
2458,1
2459,2
2460,2
2461,1
2462,2
2463,0
2464,0
2465,0
2466,0
2467,0
2468,2
2469,2
2470,2
2471,2
2472,0
2473,2
2474,2
2475,2
2476,2
2477,2
2478,1
2479,1
2480,1
2481,0
2482,2
2483,1
2484,1
2485,1
2486,1
2487,1
2488,0
2489,0
2490,2
2491,1
2492,1
2493,0
2494,1
2495,2
2496,1
2497,1
2498,0
2499,1
2500,1
2501,2
2502,2
2503,1
2504,0
2505,1
2506,1
2507,1
2508,2
2509,2
2510,2
2511,0
2512,2
2513,0
2514,1
2515,0
2516,1
2517,1
2518,0
2519,1
2520,0
2521,2
2522,1
2523,2
2524,2
2525,1
2526,2
2527,1
2528,0
2529,0
2530,2
2531,1
2532,1
2533,2
2534,1
2535,1
2536,1
2537,1
2538,2
2539,1
2540,1
2541,1
2542,0
2543,1
2544,2
2545,1
2546,0
2547,2
2548,1
2549,1
2550,2
2551,1
2552,2
2553,1
2554,0
2555,2
2556,2
2557,0
2558,2
2559,2
2560,1
2561,2
2562,1
2563,0
2564,2
2565,1
2566,0
2567,1
2568,0
2569,0
2570,1
2571,2
2572,1
2573,0
2574,1
2575,0
2576,1
2577,2
2578,0
2579,0
2580,2
2581,0
2582,1
2583,0
2584,2
2585,1
2586,1
2587,0
2588,0
2589,1
2590,0
2591,1
2592,0
2593,0
2594,0
2595,2
2596,1
2597,1
2598,1
2599,0
2600,0
2601,0
2602,0
2603,1
2604,0
2605,2
2606,2
2607,2
2608,0
2609,2
2610,1
2611,1
2612,1
2613,2
2614,2
2615,2
2616,2
2617,0
2618,0
2619,2
2620,0
2621,1
2622,1
2623,0
2624,2
2625,0
2626,0
2627,0
2628,2
2629,0
2630,1
2631,1
2632,1
2633,0
2634,0
2635,1
2636,1
2637,0
2638,0
2639,2
2640,1
2641,1
2642,1
2643,0
2644,0
2645,2
2646,1
2647,0
2648,2
2649,2
2650,2
2651,1
2652,0
2653,1
2654,2
2655,0
2656,1
2657,0
2658,2
2659,1
2660,1
2661,1
2662,1
2663,2
2664,2
2665,1
2666,0
2667,1
2668,0
2669,1
2670,1
2671,2
2672,2
2673,1
2674,0
2675,0
2676,1
2677,1
2678,2
2679,1
2680,0
2681,2
2682,1
2683,1
2684,0
2685,1
2686,2
2687,2
2688,1
2689,1
2690,1
2691,2
2692,1
2693,1
2694,1
2695,0
2696,1
2697,0
2698,1
2699,2
2700,2
2701,1
2702,0
2703,2
2704,0
2705,0
2706,0
2707,0
2708,2
2709,1
2710,2
2711,0
2712,0
2713,2
2714,2
2715,2
2716,1
2717,0
2718,0
2719,0
2720,2
2721,1
2722,0
2723,1
2724,2
2725,0
2726,2
2727,0
2728,2
2729,0
2730,1
2731,2
2732,1
2733,0
2734,1
2735,0
2736,0
2737,1
2738,1
2739,1
2740,1
2741,1
2742,2
2743,2
2744,1
2745,0
2746,0
2747,2
2748,1
2749,0
2750,1
2751,2
2752,0
2753,1
2754,1
2755,0
2756,1
2757,0
2758,1
2759,1
2760,2
2761,0
2762,1
2763,0
2764,1
2765,0
2766,1
2767,0
2768,1
2769,2
2770,1
2771,1
2772,0
2773,1
2774,1
2775,1
2776,2
2777,1
2778,1
2779,1
2780,1
2781,1
2782,1
2783,2
2784,0
2785,0
2786,1
2787,1
2788,2
2789,2
2790,1
2791,2
2792,1
2793,2
2794,0
2795,2
2796,1
2797,0
2798,1
2799,0
2800,0
2801,2
2802,2
2803,2
2804,0
2805,0
2806,1
2807,1
2808,1
2809,0
2810,1
2811,2
2812,0
2813,2
2814,1
2815,2
2816,2
2817,2
2818,2
2819,1
2820,0
2821,2
2822,1
2823,2
2824,1
2825,0
2826,1
2827,1
2828,2
2829,0
2830,1
2831,1
2832,2
2833,0
2834,1
2835,2
2836,2
2837,1
2838,0
2839,0
2840,1
2841,0
2842,0
2843,0
2844,2
2845,2
2846,1
2847,0
2848,0
2849,2
2850,1
2851,1
2852,2
2853,1
2854,2
2855,2
2856,0
2857,2
2858,0
2859,0
2860,0
2861,2
2862,2
2863,1
2864,1
2865,2
2866,1
2867,1
2868,2
2869,0
2870,1
2871,1
2872,0
2873,2
2874,0
2875,0
2876,2
2877,0
2878,1
2879,1
2880,2
2881,1
2882,0
2883,2
2884,2
2885,0
2886,1
2887,2
2888,0
2889,1
2890,2
2891,2
2892,0
2893,2
2894,2
2895,1
2896,0
2897,1
2898,2
2899,0
2900,0
2901,1
2902,2
2903,2
2904,1
2905,2
2906,1
2907,1
2908,2
2909,1
2910,0
2911,1
2912,0
2913,1
2914,2
2915,2
2916,0
2917,0
2918,0
2919,0
2920,0
2921,0
2922,0
2923,2
2924,1
2925,0
2926,1
2927,1
2928,2
2929,0
2930,1
2931,1
2932,0
2933,0
2934,1
2935,1
2936,2
2937,1
2938,2
2939,0
2940,0
2941,1
2942,0
2943,0
2944,2
2945,2
2946,1
2947,2
2948,0
2949,2
2950,0
2951,2
2952,2
2953,2
2954,0
2955,0
2956,1
2957,1
2958,1
2959,2
2960,2
2961,1
2962,1
2963,1
2964,1
2965,0
2966,2
2967,1
2968,2
2969,2
2970,0
2971,0
2972,0
2973,1
2974,2
2975,0
2976,0
2977,1
2978,0
2979,0
2980,1
2981,0
2982,0
2983,1
2984,2
2985,2
2986,2
2987,1
2988,0
2989,1
2990,1
2991,1
2992,0
2993,2
2994,1
2995,0
2996,2
2997,2
2998,1
2999,0
3000,2
3001,1
3002,1
3003,1
3004,2
3005,2
3006,1
3007,1
3008,2
3009,2
3010,1
3011,0
3012,0
3013,2
3014,2
3015,2
3016,2
3017,0
3018,1
3019,0
3020,0
3021,2
3022,1
3023,1
3024,1
3025,0
3026,2
3027,0
3028,1
3029,0
3030,2
3031,0
3032,1
3033,0
3034,0
3035,2
3036,0
3037,2
3038,0
3039,2
3040,0
3041,2
3042,1
3043,1
3044,2
3045,2
3046,0
3047,1
3048,0
3049,2
3050,2
3051,2
3052,2
3053,2
3054,0
3055,1
3056,0
3057,0
3058,1
3059,1
3060,1
3061,1
3062,2
3063,1
3064,1
3065,2
3066,0
3067,2
3068,0
3069,1
3070,2
3071,2
3072,2
3073,2
3074,0
3075,1
3076,2
3077,2
3078,0
3079,2
3080,0
3081,1
3082,1
3083,1
3084,2
3085,0
3086,0
3087,2
3088,2
3089,1
3090,0
3091,1
3092,1
3093,1
3094,1
3095,0
3096,1
3097,1
3098,1
3099,0
3100,1
3101,0
3102,2
3103,0
3104,1
3105,1
3106,1
3107,0
3108,2
3109,2
3110,1
3111,0
3112,1
3113,2
3114,1
3115,1
3116,0
3117,0
3118,0
3119,1
3120,2
3121,2
3122,2
3123,2
3124,1
3125,2
3126,1
3127,1
3128,2
3129,0
3130,2
3131,1
3132,1
3133,1
3134,0
3135,2
3136,1
3137,2
3138,1
3139,2
3140,0
3141,1
3142,0
3143,2
3144,2
3145,0
3146,1
3147,1
3148,0
3149,2
3150,2
3151,2
3152,1
3153,2
3154,0
3155,1
3156,2
3157,0
3158,1
3159,1
3160,1
3161,0
3162,1
3163,2
3164,1
3165,2
3166,1
3167,1
3168,1
3169,2
3170,1
3171,2
3172,1
3173,1
3174,2
3175,1
3176,2
3177,1
3178,0
3179,1
3180,2
3181,0
3182,0
3183,1
3184,2
3185,2
3186,2
3187,1
3188,0
3189,2
3190,2
3191,0
3192,0
3193,2
3194,1
3195,0
3196,0
3197,0
3198,0
3199,0
3200,0
3201,2
3202,0
3203,2
3204,1
3205,1
3206,0
3207,1
3208,2
3209,2
3210,0
3211,2
3212,1
3213,0
3214,0
3215,1
3216,1
3217,0
3218,1
3219,0
3220,1
3221,1
3222,1
3223,1
3224,0
3225,2
3226,1
3227,2
3228,2
3229,1
3230,2
3231,0
3232,2
3233,1
3234,1
3235,0
3236,0
3237,1
3238,0
3239,2
3240,0
3241,0
3242,0
3243,2
3244,2
3245,1
3246,2
3247,1
3248,1
3249,1
3250,0
3251,1
3252,2
3253,1
3254,2
3255,0
3256,2
3257,2
3258,0
3259,2
3260,1
3261,2
3262,0
3263,2
3264,1
3265,1
3266,1
3267,2
3268,2
3269,0
3270,0
3271,0
3272,0
3273,1
3274,1
3275,2
3276,1
3277,0
3278,2
3279,1
3280,1
3281,2
3282,2
3283,2
3284,2
3285,1
3286,0
3287,2
3288,1
3289,2
3290,0
3291,2
3292,0
3293,2
3294,1
3295,0
3296,2
3297,1
3298,1
3299,2
3300,1
3301,0
3302,1
3303,1
3304,2
3305,1
3306,2
3307,2
3308,1
3309,0
3310,2
3311,1
3312,2
3313,0
3314,1
3315,1
3316,1
3317,2
3318,1
3319,0
3320,2
3321,2
3322,2
3323,1
3324,0
3325,1
3326,0
3327,2
3328,0
3329,0
3330,2
3331,1
3332,0
3333,1
3334,0
3335,1
3336,0
3337,1
3338,0
3339,1
3340,1
3341,1
3342,1
3343,2
3344,2
3345,1
3346,0
3347,2
3348,1
3349,1
3350,0
3351,0
3352,0
3353,0
3354,1
3355,1
3356,0
3357,1
3358,0
3359,2
3360,2
3361,2
3362,2
3363,1
3364,1
3365,1
3366,2
3367,1
3368,0
3369,2
3370,0
3371,0
3372,2
3373,1
3374,2
3375,0
3376,1
3377,2
3378,1
3379,0
3380,1
3381,1
3382,1
3383,1
3384,0
3385,1
3386,1
3387,2
3388,2
3389,0
3390,0
3391,2
3392,2
3393,2
3394,1
3395,2
3396,0
3397,1
3398,1
3399,1
3400,0
3401,0
3402,2
3403,2
3404,0
3405,0
3406,2
3407,0
3408,1
3409,2
3410,2
3411,2
3412,2
3413,0
3414,2
3415,2
3416,1
3417,1
3418,0
3419,1
3420,0
3421,0
3422,1
3423,2
3424,2
3425,2
3426,1
3427,0
3428,0
3429,0
3430,0
3431,2
3432,1
3433,1
3434,0
3435,0
3436,0
3437,1
3438,0
3439,0
3440,2
3441,2
3442,0
3443,0
3444,0
3445,2
3446,0
3447,1
3448,2
3449,0
3450,0
3451,2
3452,1
3453,0
3454,1
3455,1
3456,2
3457,2
3458,1
3459,1
3460,2
3461,2
3462,1
3463,2
3464,2
3465,0
3466,1
3467,0
3468,0
3469,1
3470,0
3471,1
3472,0
3473,1
3474,1
3475,0
3476,1
3477,0
3478,1
3479,1
3480,0
3481,0
3482,0
3483,0
3484,1
3485,0
3486,1
3487,1
3488,2
3489,2
3490,0
3491,0
3492,1
3493,1
3494,0
3495,0
3496,2
3497,1
3498,1
3499,0
3500,0
3501,2
3502,1
3503,1
3504,2
3505,1
3506,1
3507,1
3508,0
3509,1
3510,1
3511,2
3512,1
3513,2
3514,0
3515,0
3516,1
3517,2
3518,0
3519,1
3520,0
3521,1
3522,2
3523,1
3524,1
3525,0
3526,1
3527,2
3528,1
3529,2
3530,0
3531,0
3532,0
3533,2
3534,0
3535,1
3536,2
3537,1
3538,1
3539,1
3540,0
3541,2
3542,1
3543,2
3544,0
3545,2
3546,2
3547,2
3548,2
3549,0
3550,1
3551,0
3552,0
3553,2
3554,0
3555,2
3556,1
3557,0
3558,1
3559,0
3560,2
3561,2
3562,0
3563,0
3564,2
3565,0
3566,1
3567,0
3568,2
3569,0
3570,1
3571,1
3572,2
3573,1
3574,2
3575,2
3576,2
3577,1
3578,1
3579,2
3580,2
3581,2
3582,2
3583,0
3584,2
3585,1
3586,2
3587,1
3588,1
3589,1
3590,0
3591,0
3592,2
3593,0
3594,1
3595,0
3596,1
3597,0
3598,1
3599,1
3600,1
3601,1
3602,1
3603,0
3604,2
3605,1
3606,0
3607,1
3608,2
3609,0
3610,0
3611,0
3612,2
3613,1
3614,2
3615,0
3616,0
3617,1
3618,0
3619,2
3620,0
3621,2
3622,2
3623,1
3624,1
3625,1
3626,2
3627,1
3628,0
3629,0
3630,2
3631,0
3632,2
3633,0
3634,1
3635,0
3636,2
3637,0
3638,1
3639,0
3640,1
3641,2
3642,1
3643,2
3644,2
3645,1
3646,2
3647,1
3648,0
3649,2
3650,2
3651,2
3652,1
3653,0
3654,0
3655,1
3656,0
3657,2
3658,1
3659,1
3660,1
3661,0
3662,1
3663,2
3664,1
3665,0
3666,1
3667,1
3668,0
3669,0
3670,0
3671,2
3672,2
3673,2
3674,0
3675,1
3676,1
3677,2
3678,0
3679,1
3680,2
3681,1
3682,2
3683,0
3684,1
3685,2
3686,2
3687,2
3688,1
3689,0
3690,0
3691,1
3692,1
3693,1
3694,1
3695,2
3696,0
3697,2
3698,0
3699,2
3700,0
3701,0
3702,2
3703,1
3704,2
3705,1
3706,0
3707,0
3708,1
3709,0
3710,1
3711,0
3712,2
3713,1
3714,1
3715,1
3716,0
3717,2
3718,0
3719,0
3720,1
3721,2
3722,2
3723,2
3724,0
3725,0
3726,1
3727,0
3728,2
3729,2
3730,2
3731,0
3732,0
3733,0
3734,2
3735,2
3736,1
3737,0
3738,0
3739,0
3740,1
3741,1
3742,2
3743,0
3744,2
3745,1
3746,1
3747,0
3748,2
3749,2
3750,1
3751,2
3752,0
3753,2
3754,1
3755,1
3756,2
3757,2
3758,0
3759,2
3760,2
3761,1
3762,0
3763,1
3764,1
3765,2
3766,1
3767,2
3768,1
3769,0
3770,2
3771,1
3772,0
3773,1
3774,2
3775,1
3776,2
3777,1
3778,2
3779,2
3780,2
3781,1
3782,2
3783,1
3784,2
3785,1
3786,0
3787,0
3788,0
3789,0
3790,1
3791,2
3792,1
3793,1
3794,1
3795,2
3796,1
3797,1
3798,1
3799,2
3800,2
3801,2
3802,1
3803,0
3804,1
3805,2
3806,0
3807,1
3808,0
3809,0
3810,0
3811,2
3812,0
3813,2
3814,0
3815,0
3816,1
3817,0
3818,0
3819,2
3820,1
3821,0
3822,1
3823,2
3824,1
3825,2
3826,0
3827,1
3828,2
3829,1
3830,1
3831,1
3832,1
3833,1
3834,1
3835,1
3836,1
3837,0
3838,1
3839,0
3840,1
3841,1
3842,0
3843,2
3844,0
3845,2
3846,2
3847,1
3848,1
3849,1
3850,0
3851,0
3852,2
3853,1
3854,0
3855,1
3856,2
3857,1
3858,2
3859,1
3860,0
3861,1
3862,1
3863,1
3864,1
3865,1
3866,1
3867,1
3868,2
3869,1
3870,2
3871,0
3872,2
3873,0
3874,2
3875,0
3876,0
3877,0
3878,1
3879,2
3880,2
3881,1
3882,2
3883,2
3884,2
3885,2
3886,0
3887,1
3888,1
3889,2
3890,1
3891,0
3892,0
3893,2
3894,0
3895,2
3896,0
3897,0
3898,2
3899,0
3900,0
3901,1
3902,1
3903,1
3904,1
3905,0
3906,1
3907,0
3908,1
3909,2
3910,1
3911,2
3912,2
3913,1
3914,0
3915,0
3916,2
3917,1
3918,0
3919,2
3920,2
3921,0
3922,2
3923,2
3924,2
3925,1
3926,1
3927,0
3928,2
3929,0
3930,2
3931,2
3932,1
3933,1
3934,2
3935,0
3936,1
3937,0
3938,1
3939,1
3940,1
3941,0
3942,0
3943,2
3944,1
3945,0
3946,2
3947,2
3948,0
3949,1
3950,0
3951,2
3952,1
3953,1
3954,0
3955,2
3956,2
3957,0
3958,0
3959,2
3960,2
3961,0
3962,2
3963,2
3964,2
3965,0
3966,0
3967,2
3968,1
3969,2
3970,0
3971,0
3972,2
3973,2
3974,0
3975,0
3976,0
3977,2
3978,2
3979,2
3980,0
3981,1
3982,2
3983,0
3984,2
3985,2
3986,2
3987,2
3988,1
3989,1
3990,0
3991,1
3992,2
3993,0
3994,1
3995,2
3996,0
3997,1
3998,1
3999,0
4000,1
4001,0
4002,1
4003,1
4004,2
4005,1
4006,1
4007,0
4008,2
4009,2
4010,1
4011,2
4012,0
4013,2
4014,2
4015,0
4016,2
4017,1
4018,0
4019,1
4020,1
4021,0
4022,1
4023,0
4024,1
4025,2
4026,1
4027,0
4028,1
4029,0
4030,0
4031,0
4032,1
4033,0
4034,1
4035,0
4036,2
4037,2
4038,1
4039,0
4040,1
4041,1
4042,2
4043,2
4044,0
4045,2
4046,2
4047,1
4048,2
4049,0
4050,2
4051,2
4052,1
4053,1
4054,0
4055,1
4056,2
4057,2
4058,1
4059,1
4060,1
4061,1
4062,2
4063,2
4064,1
4065,1
4066,1
4067,2
4068,2
4069,0
4070,0
4071,2
4072,0
4073,1
4074,2
4075,2
4076,2
4077,0
4078,2
4079,0
4080,0
4081,2
4082,2
4083,2
4084,0
4085,1
4086,2
4087,1
4088,0
4089,2
4090,1
4091,2
4092,2
4093,2
4094,0
4095,2
4096,0
4097,1
4098,0
4099,1
4100,2
4101,0
4102,0
4103,0
4104,1
4105,1
4106,1
4107,0
4108,2
4109,1
4110,1
4111,2
4112,2
4113,1
4114,0
4115,2
4116,1
4117,2
4118,0
4119,1
4120,1
4121,1
4122,1
4123,1
4124,2
4125,2
4126,1
4127,1
4128,1
4129,1
4130,1
4131,1
4132,0
4133,2
4134,0
4135,0
4136,2
4137,2
4138,2
4139,2
4140,1
4141,2
4142,2
4143,2
4144,2
4145,2
4146,1
4147,2
4148,2
4149,0
4150,0
4151,1
4152,2
4153,1
4154,0
4155,2
4156,2
4157,1
4158,0
4159,1
4160,2
4161,2
4162,2
4163,0
4164,1
4165,1
4166,1
4167,0
4168,2
4169,0
4170,1
4171,0
4172,0
4173,2
4174,2
4175,0
4176,1
4177,2
4178,1
4179,0
4180,2
4181,2
4182,0
4183,2
4184,0
4185,0
4186,2
4187,2
4188,1
4189,2
4190,1
4191,2
4192,1
4193,2
4194,0
4195,1
4196,0
4197,0
4198,2
4199,0
4200,1
4201,0
4202,2
4203,0
4204,2
4205,2
4206,2
4207,1
4208,2
4209,2
4210,0
4211,1
4212,0
4213,2
4214,1
4215,0
4216,1
4217,1
4218,2
4219,0
4220,2
4221,0
4222,1
4223,1
4224,0
4225,0
4226,1
4227,1
4228,2
4229,0
4230,1
4231,2
4232,1
4233,0
4234,1
4235,2
4236,2
4237,0
4238,1
4239,0
4240,2
4241,2
4242,0
4243,2
4244,0
4245,2
4246,2
4247,2
4248,1
4249,0
4250,0
4251,1
4252,1
4253,2
4254,1
4255,0
4256,2
4257,2
4258,1
4259,0
4260,1
4261,0
4262,0
4263,2
4264,2
4265,2
4266,1
4267,0
4268,2
4269,1
4270,1
4271,2
4272,1
4273,2
4274,1
4275,0
4276,0
4277,0
4278,2
4279,2
4280,2
4281,1
4282,2
4283,0
4284,0
4285,1
4286,0
4287,1
4288,1
4289,1
4290,0
4291,1
4292,0
4293,2
4294,0
4295,1
4296,1
4297,0
4298,0
4299,1
4300,1
4301,0
4302,1
4303,1
4304,2
4305,0
4306,2
4307,0
4308,1
4309,0
4310,0
4311,0
4312,2
4313,1
4314,2
4315,2
4316,2
4317,0
4318,1
4319,0
4320,0
4321,1
4322,2
4323,1
4324,2
4325,0
4326,2
4327,1
4328,0
4329,2
4330,0
4331,1
4332,2
4333,1
4334,2
4335,1
4336,1
4337,0
4338,2
4339,2
4340,1
4341,1
4342,1
4343,0
4344,1
4345,1
4346,1
4347,2
4348,1
4349,2
4350,2
4351,2
4352,0
4353,0
4354,1
4355,0
4356,2
4357,1
4358,1
4359,1
4360,2
4361,2
4362,1
4363,1
4364,1
4365,2
4366,2
4367,0
4368,1
4369,1
4370,0
4371,0
4372,0
4373,1
4374,1
4375,1
4376,0
4377,0
4378,2
4379,1
4380,2
4381,0
4382,1
4383,2
4384,1
4385,2
4386,2
4387,1
4388,1
4389,1
4390,1
4391,1
4392,0
4393,0
4394,0
4395,0
4396,1
4397,0
4398,2
4399,2
4400,1
4401,2
4402,1
4403,0
4404,1
4405,2
4406,2
4407,0
4408,0
4409,2
4410,1
4411,1
4412,2
4413,2
4414,0
4415,0
4416,2
4417,1
4418,1
4419,1
4420,1
4421,2
4422,0
4423,1
4424,2
4425,0
4426,2
4427,2
4428,1
4429,1
4430,0
4431,0
4432,1
4433,2
4434,1
4435,1
4436,1
4437,1
4438,1
4439,2
4440,0
4441,2
4442,2
4443,2
4444,0
4445,1
4446,0
4447,2
4448,1
4449,1
4450,0
4451,2
4452,2
4453,1
4454,2
4455,2
4456,1
4457,1
4458,0
4459,0
4460,2
4461,2
4462,2
4463,0
4464,0
4465,1
4466,2
4467,2
4468,0
4469,2
4470,0
4471,1
4472,0
4473,2
4474,1
4475,2
4476,0
4477,0
4478,0
4479,1
4480,1
4481,1
4482,0
4483,1
4484,0
4485,2
4486,1
4487,0
4488,1
4489,1
4490,0
4491,0
4492,2
4493,0
4494,2
4495,2
4496,1
4497,2
4498,1
4499,2
4500,0
4501,1
4502,1
4503,1
4504,0
4505,1
4506,2
4507,0
4508,1
4509,1
4510,1
4511,0
4512,1
4513,1
4514,1
4515,1
4516,0
4517,0
4518,1
4519,2
4520,0
4521,1
4522,2
4523,1
4524,0
4525,1
4526,0
4527,0
4528,1
4529,1
4530,1
4531,0
4532,1
4533,2
4534,2
4535,2
4536,1
4537,0
4538,2
4539,2
4540,0
4541,2
4542,2
4543,0
4544,1
4545,2
4546,2
4547,2
4548,1
4549,1
4550,0
4551,2
4552,1
4553,0
4554,0
4555,2
4556,2
4557,2
4558,2
4559,2
4560,1
4561,0
4562,1
4563,0
4564,0
4565,2
4566,2
4567,0
4568,2
4569,2
4570,0
4571,2
4572,2
4573,0
4574,2
4575,0
4576,0
4577,1
4578,2
4579,1
4580,1
4581,1
4582,2
4583,1
4584,1
4585,2
4586,0
4587,2
4588,1
4589,1
4590,0
4591,2
4592,1
4593,0
4594,1
4595,2
4596,1
4597,1
4598,0
4599,0
4600,2
4601,2
4602,1
4603,0
4604,0
4605,2
4606,2
4607,1
4608,2
4609,0
4610,0
4611,0
4612,0
4613,2
4614,1
4615,2
4616,0
4617,0
4618,0
4619,0
4620,1
4621,1
4622,1
4623,1
4624,0
4625,0
4626,0
4627,1
4628,0
4629,1
4630,0
4631,1
4632,0
4633,2
4634,0
4635,2
4636,0
4637,2
4638,0
4639,0
4640,0
4641,0
4642,2
4643,1
4644,1
4645,2
4646,0
4647,1
4648,0
4649,0
4650,1
4651,0
4652,1
4653,0
4654,2
4655,0
4656,2
4657,1
4658,1
4659,1
4660,1
4661,2
4662,2
4663,0
4664,2
4665,1
4666,0
4667,0
4668,1
4669,1
4670,1
4671,1
4672,1
4673,0
4674,1
4675,2
4676,1
4677,0
4678,1
4679,1
4680,2
4681,2
4682,2
4683,0
4684,2
4685,1
4686,0
4687,2
4688,1
4689,2
4690,2
4691,0
4692,0
4693,2
4694,0
4695,0
4696,1
4697,0
4698,1
4699,1
4700,2
4701,2
4702,0
4703,0
4704,0
4705,0
4706,2
4707,0
4708,2
4709,2
4710,2
4711,2
4712,1
4713,0
4714,2
4715,0
4716,1
4717,0
4718,2
4719,0
4720,0
4721,1
4722,0
4723,2
4724,0
4725,1
4726,0
4727,0
4728,1
4729,1
4730,2
4731,1
4732,1
4733,1
4734,1
4735,0
4736,2
4737,2
4738,0
4739,1
4740,2
4741,0
4742,2
4743,1
4744,2
4745,1
4746,2
4747,0
4748,2
4749,0
4750,1
4751,2
4752,2
4753,2
4754,1
4755,0
4756,1
4757,0
4758,1
4759,2
4760,2
4761,0
4762,2
4763,1
4764,1
4765,2
4766,0
4767,2
4768,2
4769,0
4770,0
4771,0
4772,1
4773,0
4774,1
4775,0
4776,2
4777,0
4778,0
4779,2
4780,2
4781,1
4782,0
4783,1
4784,1
4785,1
4786,1
4787,1
4788,1
4789,1
4790,1
4791,2
4792,1
4793,1
4794,1
4795,0
4796,1
4797,2
4798,0
4799,1
4800,0
4801,0
4802,2
4803,1
4804,1
4805,1
4806,2
4807,2
4808,0
4809,0
4810,1
4811,2
4812,2
4813,0
4814,1
4815,2
4816,1
4817,1
4818,2
4819,0
4820,0
4821,0
4822,2
4823,1
4824,2
4825,2
4826,1
4827,0
4828,2
4829,1
4830,1
4831,0
4832,1
4833,2
4834,2
4835,0
4836,2
4837,2
4838,0
4839,2
4840,1
4841,1
4842,1
4843,2
4844,1
4845,0
4846,0
4847,1
4848,1
4849,2
4850,1
4851,0
4852,2
4853,2
4854,0
4855,2
4856,1
4857,1
4858,1
4859,1
4860,0
4861,0
4862,2
4863,2
4864,0
4865,0
4866,2
4867,1
4868,2
4869,2
4870,0
4871,1
4872,0
4873,0
4874,0
4875,2
4876,0
4877,1
4878,1
4879,1
4880,1
4881,2
4882,2
4883,1
4884,0
4885,2
4886,0
4887,0
4888,1
4889,1
4890,2
4891,1
4892,1
4893,2
4894,0
4895,2
4896,1
4897,2
4898,0
4899,1
4900,0
4901,1
4902,2
4903,1
4904,1
4905,1
4906,2
4907,0
4908,2
4909,1
4910,1
4911,1
4912,0
4913,1
4914,1
4915,0
4916,1
4917,0
4918,0
4919,2
4920,1
4921,2
4922,2
4923,2
4924,0
4925,2
4926,0
4927,0
4928,1
4929,0
4930,1
4931,2
4932,2
4933,1
4934,1
4935,0
4936,1
4937,2
4938,0
4939,0
4940,2
4941,2
4942,2
4943,0
4944,1
4945,1
4946,2
4947,1
4948,1
4949,1
4950,0
4951,0
4952,0
4953,2
4954,2
4955,1
4956,1
4957,1
4958,1
4959,2
4960,0
4961,1
4962,1
4963,2
4964,1
4965,2
4966,2
4967,0
4968,0
4969,0
4970,0
4971,1
4972,1
4973,1
4974,1
4975,0
4976,0
4977,2
4978,2
4979,2
4980,0
4981,1
4982,0
4983,0
4984,1
4985,0
4986,1
4987,2
4988,0
4989,0
4990,2
4991,0
4992,1
4993,2
4994,1
4995,2
4996,0
4997,1
4998,1
4999,1
5000,1
5001,0
5002,0
5003,1
5004,0
5005,1
5006,2
5007,1
5008,0
5009,1
5010,0
5011,1
5012,1
5013,1
5014,2
5015,2
5016,0
5017,2
5018,2
5019,1
5020,0
5021,0
5022,0
5023,1
5024,1
5025,0
5026,0
5027,1
5028,1
5029,2
5030,0
5031,1
5032,0
5033,2
5034,2
5035,2
5036,1
5037,2
5038,2
5039,2
5040,1
5041,1
5042,0
5043,0
5044,1
5045,1
5046,1
5047,2
5048,1
5049,1
5050,0
5051,2
5052,1
5053,0
5054,1
5055,2
5056,1
5057,2
5058,0
5059,2
5060,2
5061,1
5062,0
5063,0
5064,2
5065,2
5066,0
5067,1
5068,0
5069,0
5070,0
5071,1
5072,2
5073,1
5074,1
5075,1
5076,2
5077,1
5078,2
5079,2
5080,1
5081,1
5082,1
5083,2
5084,2
5085,2
5086,1
5087,1
5088,1
5089,0
5090,0
5091,1
5092,2
5093,0
5094,0
5095,2
5096,2
5097,1
5098,1
5099,1
5100,2
5101,1
5102,0
5103,0
5104,1
5105,1
5106,0
5107,1
5108,2
5109,0
5110,2
5111,0
5112,1
5113,1
5114,0
5115,2
5116,0
5117,0
5118,2
5119,2
5120,2
5121,2
5122,1
5123,1
5124,1
5125,1
5126,2
5127,0
5128,2
5129,2
5130,2
5131,2
5132,1
5133,2
5134,2
5135,0
5136,1
5137,2
5138,2
5139,1
5140,2
5141,0
5142,1
5143,1
5144,2
5145,1
5146,2
5147,2
5148,1
5149,2
5150,1
5151,2
5152,0
5153,2
5154,1
5155,1
5156,2
5157,1
5158,1
5159,2
5160,2
5161,0
5162,1
5163,1
5164,0
5165,0
5166,0
5167,2
5168,0
5169,1
5170,0
5171,2
5172,2
5173,0
5174,2
5175,0
5176,0
5177,0
5178,0
5179,0
5180,0
5181,2
5182,2
5183,2
5184,2
5185,0
5186,2
5187,1
5188,0
5189,0
5190,1
5191,2
5192,2
5193,1
5194,1
5195,2
5196,0
5197,0
5198,2
5199,1
5200,0
5201,0
5202,0
5203,2
5204,1
5205,2
5206,0
5207,1
5208,1
5209,2
5210,0
5211,0
5212,2
5213,2
5214,2
5215,1
5216,1
5217,1
5218,1
5219,0
5220,0
5221,2
5222,0
5223,0
5224,2
5225,0
5226,0
5227,2
5228,2
5229,1
5230,0
5231,1
5232,2
5233,0
5234,1
5235,2
5236,2
5237,1
5238,0
5239,1
5240,2
5241,0
5242,1
5243,1
5244,1
5245,2
5246,1
5247,0
5248,1
5249,1
5250,1
5251,0
5252,0
5253,2
5254,2
5255,0
5256,2
5257,1
5258,0
5259,0
5260,0
5261,1
5262,0
5263,2
5264,1
5265,0
5266,0
5267,2
5268,2
5269,2
5270,1
5271,1
5272,0
5273,1
5274,0
5275,0
5276,2
5277,2
5278,2
5279,2
5280,1
5281,2
5282,2
5283,1
5284,0
5285,2
5286,1
5287,0
5288,1
5289,0
5290,0
5291,0
5292,2
5293,2
5294,0
5295,0
5296,1
5297,2
5298,0
5299,1
5300,2
5301,0
5302,2
5303,0
5304,2
5305,1
5306,1
5307,0
5308,0
5309,0
5310,1
5311,2
5312,2
5313,0
5314,2
5315,1
5316,2
5317,0
5318,2
5319,0
5320,0
5321,0
5322,1
5323,0
5324,2
5325,1
5326,0
5327,1
5328,0
5329,1
5330,2
5331,2
5332,0
5333,0
5334,0
5335,2
5336,1
5337,1
5338,0
5339,2
5340,1
5341,2
5342,0
5343,0
5344,1
5345,0
5346,1
5347,1
5348,1
5349,0
5350,2
5351,2
5352,1
5353,1
5354,2
5355,1
5356,0
5357,2
5358,1
5359,2
5360,1
5361,0
5362,2
5363,0
5364,1
5365,1
5366,2
5367,2
5368,0
5369,2
5370,1
5371,1
5372,2
5373,2
5374,0
5375,0
5376,2
5377,1
5378,0
5379,1
5380,0
5381,1
5382,2
5383,2
5384,1
5385,2
5386,0
5387,1
5388,2
5389,2
5390,1
5391,2
5392,2
5393,1
5394,1
5395,1
5396,0
5397,2
5398,2
5399,1
5400,2
5401,1
5402,0
5403,2
5404,2
5405,0
5406,1
5407,1
5408,2
5409,2
5410,2
5411,0
5412,2
5413,0
5414,0
5415,0
5416,0
5417,0
5418,2
5419,1
5420,2
5421,2
5422,0
5423,2
5424,2
5425,0
5426,1
5427,2
5428,0
5429,0
5430,0
5431,1
5432,1
5433,2
5434,1
5435,1
5436,0
5437,2
5438,1
5439,2
5440,0
5441,1
5442,0
5443,2
5444,1
5445,0
5446,1
5447,2
5448,1
5449,0
5450,0
5451,0
5452,0
5453,2
5454,1
5455,2
5456,2
5457,1
5458,1
5459,0
5460,2
5461,0
5462,2
5463,2
5464,0
5465,0
5466,2
5467,1
5468,0
5469,2
5470,1
5471,2
5472,1
5473,0
5474,0
5475,1
5476,1
5477,0
5478,0
5479,1
5480,2
5481,0
5482,2
5483,1
5484,1
5485,1
5486,1
5487,0
5488,2
5489,0
5490,0
5491,2
5492,2
5493,1
5494,2
5495,2
5496,1
5497,2
5498,2
5499,2
5500,1
5501,1
5502,2
5503,0
5504,0
5505,2
5506,2
5507,1
5508,2
5509,1
5510,0
5511,0
5512,1
5513,1
5514,1
5515,1
5516,1
5517,2
5518,0
5519,0
5520,1
5521,2
5522,2
5523,0
5524,1
5525,2
5526,1
5527,1
5528,1
5529,2
5530,0
5531,1
5532,2
5533,0
5534,1
5535,0
5536,2
5537,0
5538,0
5539,1
5540,0
5541,0
5542,2
5543,1
5544,1
5545,0
5546,0
5547,1
5548,0
5549,1
5550,0
5551,1
5552,1
5553,1
5554,1
5555,1
5556,0
5557,2
5558,2
5559,1
5560,2
5561,2
5562,0
5563,2
5564,2
5565,1
5566,0
5567,1
5568,2
5569,2
5570,2
5571,1
5572,1
5573,1
5574,2
5575,1
5576,2
5577,1
5578,2
5579,0
5580,1
5581,0
5582,0
5583,0
5584,1
5585,0
5586,1
5587,0
5588,1
5589,2
5590,2
5591,2
5592,1
5593,2
5594,0
5595,1
5596,1
5597,1
5598,0
5599,2
5600,2
5601,1
5602,1
5603,1
5604,0
5605,1
5606,2
5607,1
5608,2
5609,0
5610,2
5611,2
5612,1
5613,0
5614,0
5615,2
5616,1
5617,2
5618,1
5619,1
5620,2
5621,1
5622,0
5623,1
5624,1
5625,2
5626,2
5627,1
5628,2
5629,1
5630,1
5631,1
5632,1
5633,1
5634,1
5635,0
5636,1
5637,2
5638,0
5639,1
5640,1
5641,2
5642,2
5643,1
5644,1
5645,2
5646,2
5647,0
5648,0
5649,2
5650,2
5651,1
5652,1
5653,1
5654,1
5655,1
5656,1
5657,1
5658,1
5659,0
5660,1
5661,0
5662,2
5663,0
5664,0
5665,1
5666,2
5667,0
5668,0
5669,2
5670,1
5671,0
5672,2
5673,1
5674,2
5675,2
5676,2
5677,0
5678,2
5679,0
5680,1
5681,2
5682,1
5683,0
5684,0
5685,2
5686,2
5687,1
5688,2
5689,2
5690,2
5691,2
5692,1
5693,2
5694,2
5695,2
5696,2
5697,1
5698,0
5699,1
5700,2
5701,2
5702,1
5703,0
5704,2
5705,0
5706,1
5707,0
5708,1
5709,0
5710,2
5711,0
5712,2
5713,1
5714,2
5715,1
5716,2
5717,2
5718,1
5719,1
5720,2
5721,0
5722,2
5723,0
5724,1
5725,0
5726,2
5727,2
5728,1
5729,0
5730,0
5731,0
5732,1
5733,2
5734,0
5735,2
5736,0
5737,2
5738,1
5739,0
5740,1
5741,0
5742,0
5743,0
5744,2
5745,1
5746,2
5747,0
5748,1
5749,1
5750,1
5751,1
5752,2
5753,1
5754,0
5755,1
5756,0
5757,2
5758,1
5759,1
5760,2
5761,0
5762,2
5763,0
5764,1
5765,2
5766,0
5767,0
5768,2
5769,0
5770,1
5771,2
5772,2
5773,2
5774,1
5775,0
5776,2
5777,2
5778,1
5779,2
5780,0
5781,2
5782,0
5783,0
5784,2
5785,2
5786,1
5787,1
5788,2
5789,1
5790,2
5791,1
5792,2
5793,2
5794,0
5795,2
5796,2
5797,0
5798,1
5799,1
5800,1
5801,1
5802,0
5803,1
5804,2
5805,1
5806,2
5807,1
5808,2
5809,2
5810,1
5811,2
5812,0
5813,0
5814,0
5815,0
5816,0
5817,1
5818,2
5819,0
5820,2
5821,2
5822,1
5823,0
5824,2
5825,2
5826,0
5827,1
5828,1
5829,2
5830,2
5831,1
5832,1
5833,1
5834,0
5835,2
5836,2
5837,0
5838,0
5839,1
5840,2
5841,1
5842,0
5843,2
5844,0
5845,2
5846,0
5847,0
5848,2
5849,2
5850,0
5851,1
5852,2
5853,0
5854,1
5855,0
5856,0
5857,0
5858,1
5859,0
5860,2
5861,0
5862,0
5863,0
5864,2
5865,0
5866,1
5867,0
5868,2
5869,2
5870,0
5871,1
5872,2
5873,0
5874,0
5875,0
5876,0
5877,1
5878,0
5879,1
5880,0
5881,0
5882,2
5883,2
5884,1
5885,0
5886,1
5887,2
5888,0
5889,0
5890,2
5891,0
5892,1
5893,0
5894,0
5895,2
5896,2
5897,1
5898,2
5899,2
5900,1
5901,0
5902,1
5903,0
5904,1
5905,1
5906,2
5907,2
5908,2
5909,0
5910,1
5911,0
5912,1
5913,0
5914,0
5915,2
5916,1
5917,0
5918,0
5919,1
5920,1
5921,1
5922,1
5923,2
5924,0
5925,0
5926,2
5927,0
5928,0
5929,1
5930,2
5931,0
5932,2
5933,2
5934,2
5935,2
5936,2
5937,1
5938,1
5939,1
5940,1
5941,1
5942,2
5943,2
5944,1
5945,0
5946,1
5947,2
5948,0
5949,1
5950,2
5951,1
5952,1
5953,2
5954,0
5955,1
5956,0
5957,0
5958,1
5959,1
5960,2
5961,2
5962,2
5963,0
5964,2
5965,1
5966,2
5967,1
5968,2
5969,2
5970,0
5971,0
5972,2
5973,0
5974,2
5975,1
5976,2
5977,1
5978,0
5979,0
5980,0
5981,1
5982,1
5983,1
5984,1
5985,0
5986,2
5987,0
5988,0
5989,1
5990,1
5991,2
5992,1
5993,0
5994,0
5995,0
5996,1
5997,2
5998,0
5999,0
6000,0
6001,1
6002,2
6003,0
6004,1
6005,0
6006,0
6007,1
6008,0
6009,0
6010,2
6011,2
6012,2
6013,0
6014,0
6015,1
6016,0
6017,0
6018,2
6019,2
6020,0
6021,0
6022,1
6023,0
6024,2
6025,0
6026,2
6027,0
6028,1
6029,1
6030,1
6031,0
6032,1
6033,0
6034,0
6035,0
6036,2
6037,2
6038,1
6039,0
6040,1
6041,0
6042,0
6043,1
6044,0
6045,0
6046,2
6047,2
6048,2
6049,0
6050,0
6051,2
6052,0
6053,0
6054,2
6055,1
6056,2
6057,1
6058,1
6059,0
6060,1
6061,1
6062,1
6063,0
6064,1
6065,1
6066,2
6067,2
6068,2
6069,1
6070,0
6071,0
6072,0
6073,0
6074,1
6075,1
6076,0
6077,1
6078,2
6079,2
6080,1
6081,1
6082,1
6083,1
6084,2
6085,2
6086,1
6087,2
6088,0
6089,0
6090,1
6091,2
6092,2
6093,1
6094,1
6095,1
6096,2
6097,1
6098,2
6099,1
6100,0
6101,1
6102,2
6103,0
6104,2
6105,2
6106,1
6107,1
6108,1
6109,1
6110,0
6111,2
6112,0
6113,0
6114,1
6115,1
6116,0
6117,2
6118,1
6119,1
6120,1
6121,0
6122,2
6123,0
6124,0
6125,1
6126,0
6127,1
6128,1
6129,0
6130,1
6131,1
6132,2
6133,0
6134,0
6135,1
6136,2
6137,1
6138,1
6139,2
6140,0
6141,1
6142,1
6143,2
6144,1
6145,0
6146,1
6147,0
6148,1
6149,1
6150,1
6151,2
6152,2
6153,0
6154,2
6155,1
6156,1
6157,1
6158,0
6159,0
6160,1
6161,0
6162,0
6163,2
6164,0
6165,0
6166,2
6167,1
6168,0
6169,2
6170,1
6171,0
6172,0
6173,2
6174,2
6175,2
6176,0
6177,0
6178,1
6179,1
6180,2
6181,2
6182,1
6183,0
6184,1
6185,2
6186,2
6187,2
6188,0
6189,1
6190,1
6191,2
6192,0
6193,2
6194,1
6195,2
6196,0
6197,0
6198,0
6199,1
6200,0
6201,1
6202,2
6203,1
6204,1
6205,0
6206,2
6207,1
6208,1
6209,0
6210,0
6211,1
6212,2
6213,1
6214,0
6215,1
6216,1
6217,2
6218,2
6219,2
6220,1
6221,1
6222,0
6223,2
6224,1
6225,0
6226,0
6227,2
6228,2
6229,1
6230,2
6231,2
6232,0
6233,0
6234,2
6235,0
6236,0
6237,2
6238,2
6239,1
6240,0
6241,1
6242,2
6243,0
6244,1
6245,0
6246,1
6247,2
6248,0
6249,0
6250,1
6251,1
6252,2
6253,2
6254,1
6255,0
6256,2
6257,1
6258,2
6259,0
6260,2
6261,2
6262,1
6263,2
6264,1
6265,1
6266,0
6267,2
6268,2
6269,1
6270,1
6271,2
6272,0
6273,2
6274,1
6275,0
6276,0
6277,1
6278,1
6279,2
6280,1
6281,2
6282,1
6283,0
6284,2
6285,2
6286,2
6287,2
6288,1
6289,1
6290,2
6291,2
6292,2
6293,1
6294,1
6295,2
6296,0
6297,1
6298,0
6299,2
6300,1
6301,1
6302,0
6303,2
6304,2
6305,2
6306,0
6307,0
6308,2
6309,1
6310,0
6311,1
6312,2
6313,1
6314,1
6315,0
6316,0
6317,1
6318,2
6319,2
6320,2
6321,0
6322,1
6323,0
6324,0
6325,2
6326,2
6327,0
6328,2
6329,2
6330,1
6331,2
6332,0
6333,1
6334,1
6335,0
6336,0
6337,0
6338,1
6339,0
6340,1
6341,2
6342,0
6343,1
6344,0
6345,1
6346,1
6347,2
6348,2
6349,1
6350,0
6351,0
6352,1
6353,2
6354,0
6355,1
6356,1
6357,0
6358,1
6359,0
6360,2
6361,1
6362,0
6363,2
6364,2
6365,1
6366,2
6367,0
6368,0
6369,2
6370,1
6371,2
6372,1
6373,2
6374,2
6375,0
6376,1
6377,2
6378,0
6379,2
6380,0
6381,1
6382,0
6383,0
6384,2
6385,0
6386,1
6387,2
6388,2
6389,2
6390,1
6391,1
6392,1
6393,0
6394,0
6395,1
6396,0
6397,2
6398,1
6399,1
6400,1
6401,0
6402,1
6403,0
6404,1
6405,2
6406,2
6407,0
6408,0
6409,1
6410,1
6411,2
6412,0
6413,2
6414,2
6415,1
6416,1
6417,1
6418,2
6419,0
6420,2
6421,0
6422,2
6423,1
6424,0
6425,2
6426,1
6427,2
6428,1
6429,2
6430,1
6431,0
6432,2
6433,0
6434,1
6435,0
6436,1
6437,2
6438,0
6439,2
6440,0
6441,0
6442,0
6443,2
6444,1
6445,1
6446,1
6447,1
6448,0
6449,2
6450,1
6451,0
6452,1
6453,1
6454,1
6455,1
6456,2
6457,0
6458,1
6459,0
6460,1
6461,0
6462,2
6463,1
6464,0
6465,1
6466,1
6467,2
6468,2
6469,0
6470,1
6471,1
6472,1
6473,2
6474,0
6475,0
6476,2
6477,1
6478,2
6479,0
6480,1
6481,1
6482,2
6483,1
6484,0
6485,0
6486,2
6487,0
6488,1
6489,1
6490,2
6491,2
6492,2
6493,2
6494,1
6495,1
6496,1
6497,1
6498,0
6499,2
6500,1
6501,1
6502,1
6503,2
6504,0
6505,2
6506,1
6507,1
6508,2
6509,0
6510,0
6511,1
6512,2
6513,1
6514,1
6515,0
6516,1
6517,1
6518,2
6519,0
6520,1
6521,0
6522,1
6523,2
6524,2
6525,0
6526,0
6527,1
6528,1
6529,1
6530,0
6531,1
6532,2
6533,2
6534,0
6535,0
6536,0
6537,0
6538,1
6539,0
6540,2
6541,2
6542,2
6543,0
6544,2
6545,1
6546,2
6547,2
6548,2
6549,0
6550,0
6551,1
6552,2
6553,1
6554,2
6555,2
6556,0
6557,2
6558,0
6559,1
6560,2
6561,1
6562,0
6563,2
6564,2
6565,0
6566,2
6567,1
6568,1
6569,2
6570,1
6571,2
6572,2
6573,2
6574,1
6575,1
6576,0
6577,1
6578,1
6579,1
6580,1
6581,1
6582,1
6583,1
6584,2
6585,0
6586,1
6587,1
6588,0
6589,1
6590,1
6591,0
6592,0
6593,2
6594,1
6595,1
6596,2
6597,0
6598,2
6599,1
6600,2
6601,2
6602,0
6603,1
6604,0
6605,2
6606,0
6607,0
6608,2
6609,2
6610,2
6611,1
6612,0
6613,0
6614,2
6615,2
6616,1
6617,1
6618,2
6619,2
6620,0
6621,0
6622,2
6623,1
6624,2
6625,2
6626,2
6627,1
6628,2
6629,1
6630,0
6631,0
6632,2
6633,0
6634,0
6635,2
6636,0
6637,2
6638,0
6639,1
6640,1
6641,1
6642,2
6643,2
6644,1
6645,1
6646,2
6647,1
6648,0
6649,1
6650,2
6651,0
6652,2
6653,2
6654,0
6655,1
6656,2
6657,2
6658,0
6659,1
6660,1
6661,2
6662,1
6663,1
6664,0
6665,2
6666,0
6667,1
6668,1
6669,2
6670,2
6671,2
6672,1
6673,2
6674,0
6675,2
6676,1
6677,1
6678,1
6679,0
6680,0
6681,1
6682,1
6683,0
6684,2
6685,2
6686,2
6687,0
6688,0
6689,0
6690,1
6691,1
6692,2
6693,0
6694,1
6695,1
6696,1
6697,0
6698,1
6699,1
6700,0
6701,1
6702,0
6703,0
6704,2
6705,0
6706,1
6707,2
6708,2
6709,2
6710,0
6711,1
6712,2
6713,0
6714,1
6715,1
6716,0
6717,2
6718,0
6719,1
6720,0
6721,2
6722,2
6723,0
6724,2
6725,1
6726,2
6727,0
6728,1
6729,1
6730,0
6731,2
6732,1
6733,0
6734,1
6735,2
6736,2
6737,0
6738,2
6739,0
6740,1
6741,1
6742,1
6743,2
6744,0
6745,1
6746,0
6747,1
6748,2
6749,1
6750,1
6751,1
6752,1
6753,2
6754,2
6755,2
6756,1
6757,1
6758,2
6759,1
6760,0
6761,1
6762,0
6763,0
6764,1
6765,1
6766,1
6767,1
6768,1
6769,1
6770,2
6771,0
6772,1
6773,1
6774,1
6775,2
6776,1
6777,0
6778,0
6779,0
6780,0
6781,1
6782,1
6783,2
6784,0
6785,0
6786,1
6787,0
6788,1
6789,1
6790,2
6791,2
6792,1
6793,0
6794,1
6795,1
6796,0
6797,2
6798,1
6799,0
6800,0
6801,1
6802,0
6803,1
6804,0
6805,1
6806,1
6807,2
6808,1
6809,1
6810,1
6811,1
6812,0
6813,1
6814,2
6815,0
6816,2
6817,1
6818,1
6819,1
6820,2
6821,2
6822,1
6823,0
6824,1
6825,1
6826,2
6827,0
6828,1
6829,1
6830,1
6831,2
6832,2
6833,0
6834,2
6835,2
6836,0
6837,1
6838,2
6839,2
6840,0
6841,0
6842,0
6843,0
6844,2
6845,0
6846,0
6847,2
6848,1
6849,2
6850,1
6851,0
6852,1
6853,0
6854,0
6855,2
6856,1
6857,1
6858,0
6859,2
6860,2
6861,0
6862,1
6863,2
6864,2
6865,2
6866,2
6867,1
6868,0
6869,0
6870,0
6871,1
6872,1
6873,1
6874,2
6875,2
6876,2
6877,2
6878,2
6879,2
6880,1
6881,0
6882,0
6883,2
6884,1
6885,2
6886,0
6887,0
6888,2
6889,2
6890,0
6891,1
6892,1
6893,1
6894,1
6895,0
6896,1
6897,2
6898,2
6899,0
6900,1
6901,2
6902,1
6903,1
6904,1
6905,1
6906,2
6907,0
6908,1
6909,0
6910,0
6911,0
6912,1
6913,2
6914,0
6915,0
6916,1
6917,1
6918,0
6919,0
